{"cameraMode":{"drawMode":0,"name":"Shaded","section":"Shading Mode"},"sceneLighting":true,"audioPlay":false,"sceneViewState":{"showFog":true,"showMaterialUpdate":false,"showSkybox":true,"showFlares":true,"showImageEffects":true,"showParticleSystems":true},"in2DMode":false,"pivot":{"x":1.856123685836792,"y":1.0315914154052735,"z":-1.5886623859405518},"rotation":{"x":0.0022004414349794389,"y":-0.8510004281997681,"z":-0.003566064639016986,"w":-0.525148332118988},"size":6.181094169616699,"orthographic":false}