{"cameraMode":{"drawMode":0,"name":"Shaded","section":"Shading Mode"},"sceneLighting":false,"audioPlay":false,"sceneViewState":{"showFog":true,"showMaterialUpdate":false,"showSkybox":true,"showFlares":true,"showImageEffects":true,"showParticleSystems":true},"in2DMode":false,"pivot":{"x":0.6369999647140503,"y":-0.3253107964992523,"z":1.7062314748764039},"rotation":{"x":-0.14449675381183625,"y":0.20326700806617738,"z":0.0303447637706995,"w":0.9679269194602966},"size":2.376056432723999,"orthographic":false}